{"loss": 4.397431373596191, "accuracy": 0.5467625856399536}