{"loss": 4.500651836395264, "accuracy": 0.5035971403121948}